Timestamp,User Count,Type,Name,Requests/s,Failures/s,50%,66%,75%,80%,90%,95%,98%,99%,99.9%,99.99%,100%,Total Request Count,Total Failure Count,Total Median Response Time,Total Average Response Time,Total Min Response Time,Total Max Response Time,Total Average Content Size
1764600775,0,,Aggregated,0.000000,0.000000,N/A,N/A,N/A,N/A,N/A,N/A,N/A,N/A,N/A,N/A,N/A,0,0,0,0.0,0,0,0
1764600776,2,,Aggregated,0.000000,0.000000,11,11,11,11,11,11,11,11,11,11,11,1,0,11.098660999778076,11.098660999778076,11.098660999778076,11.098660999778076,51.0
1764600777,4,,Aggregated,0.000000,0.000000,11,11,11,11,11,11,11,11,11,11,11,1,0,11.098660999778076,11.098660999778076,11.098660999778076,11.098660999778076,51.0
1764600778,6,,Aggregated,0.000000,0.000000,11,11,11,11,11,11,11,11,11,11,11,1,0,11.098660999778076,11.098660999778076,11.098660999778076,11.098660999778076,51.0
1764600779,8,,Aggregated,0.000000,0.000000,11,11,11,11,11,11,11,11,11,11,11,1,0,11.098660999778076,11.098660999778076,11.098660999778076,11.098660999778076,51.0
1764600780,10,,Aggregated,0.500000,0.000000,11,11,11,11,11,11,11,11,11,11,11,2,0,5,7.9630059999544756,4.827351000130875,11.098660999778076,51.0
1764600781,12,,Aggregated,0.333333,0.000000,5,5,11,11,11,11,11,11,11,11,11,3,0,5,7.115748333793211,4.827351000130875,11.098660999778076,51.0
1764600782,14,,Aggregated,0.250000,0.000000,5,5,11,11,11,11,11,11,11,11,11,4,0,5,6.64290750046348,4.827351000130875,11.098660999778076,51.0
1764600783,16,,Aggregated,0.250000,0.000000,5,5,11,11,11,11,11,11,11,11,11,4,0,5,6.64290750046348,4.827351000130875,11.098660999778076,51.0
1764600784,18,,Aggregated,0.500000,0.000000,5,5,5,11,11,11,11,11,11,11,11,5,0,5,6.3232826003513765,4.827351000130875,11.098660999778076,51.0
1764600785,20,,Aggregated,0.500000,0.000000,5,5,5,11,11,11,11,11,11,11,11,5,0,5,6.3232826003513765,4.827351000130875,11.098660999778076,51.0
1764600786,20,,Aggregated,0.500000,0.000000,5,5,11,11,10000,10000,10000,10000,10000,10000,10000,6,1,5,1683.6580371670304,4.827351000130875,10070.331810000425,105.66666666666667
1764600787,20,,Aggregated,0.555556,0.000000,11,10000,10000,10000,10000,10000,10000,10000,10000,10000,10000,8,3,5,3784.5366310002646,4.827351000130875,10095.066014999247,174.0
1764600788,20,,Aggregated,0.500000,0.000000,10000,10000,10000,10000,10000,10000,10000,10000,10000,10000,10000,11,6,10000.0,5500.635677636389,4.827351000130875,10097.317068999473,229.9090909090909
1764600789,20,,Aggregated,0.500000,0.100000,10000,10000,10000,10000,10000,10000,10000,10000,10000,10000,10000,14,9,10000.0,6138.5985507859,4.827351000130875,10149.17260600123,223.71428571428572
1764600790,20,,Aggregated,1.000000,0.600000,10000,10000,10000,10000,10000,10000,10000,10000,10000,10000,10000,17,10,10000.0,5647.8598822354,2.0320499988883967,10149.17260600123,212.52941176470588
1764600791,20,,Aggregated,1.000000,0.600000,10000,10000,10000,10000,10000,10000,10000,10000,10000,10000,10000,18,11,10000.0,5893.229306722384,2.0320499988883967,10149.17260600123,221.77777777777777
1764600792,20,,Aggregated,1.400000,1.000000,10000,10000,10000,10000,10000,10000,10000,10000,10000,10000,10000,22,14,10000.0,6193.629479636497,2.0320499988883967,10149.17260600123,235.45454545454547
1764600793,20,,Aggregated,1.400000,1.000000,10000,10000,10000,10000,10000,10000,10000,10000,10000,10000,10000,24,16,10000.0,6518.849684666823,2.0320499988883967,10149.17260600123,247.41666666666666
1764600794,20,,Aggregated,1.600000,1.200000,10000,10000,10000,10000,10000,10000,10000,10000,10000,10000,10000,25,17,10000.0,6660.464032320159,2.0320499988883967,10149.17260600123,252.68
1764600795,20,,Aggregated,2.000000,1.600000,10000,10000,10000,10000,10000,10000,10000,10000,10000,10000,10000,28,20,10000.0,7027.084707964474,2.0320499988883967,10149.17260600123,266.2142857142857
1764600796,20,,Aggregated,1.900000,1.600000,10000,10000,10000,10000,10000,10000,10000,10000,10000,10000,10000,29,20,10000.0,6784.852421344989,2.0320499988883967,10149.17260600123,258.7931034482759
1764600797,20,,Aggregated,1.900000,1.600000,10000,10000,10000,10000,10000,10000,10000,10000,10000,10000,10000,29,20,10000.0,6784.852421344989,2.0320499988883967,10149.17260600123,258.7931034482759
1764600798,20,,Aggregated,2.200000,1.900000,10000,10000,10000,10000,10000,10000,10000,10000,10000,10000,10000,33,23,10000.0,6821.4397497274385,2.0320499988883967,10149.17260600123,258.030303030303
1764600799,20,,Aggregated,2.100000,1.700000,10000,10000,10000,10000,10000,10000,10000,10000,10000,10000,10000,35,25,10000.0,7007.947777171595,2.0320499988883967,10149.17260600123,264.9428571428571
1764600800,20,,Aggregated,1.900000,1.500000,10000,10000,10000,10000,10000,10000,10000,10000,10000,10000,10000,39,27,10000.0,6805.2299917181235,2.0320499988883967,10149.17260600123,259.8205128205128
1764600801,20,,Aggregated,2.000000,1.500000,10000,10000,10000,10000,10000,10000,10000,10000,10000,10000,10000,41,28,10000.0,6718.694224975743,2.0320499988883967,10149.17260600123,257.6341463414634
1764600802,20,,Aggregated,2.000000,1.600000,10000,10000,10000,10000,10000,10000,10000,10000,10000,10000,10000,43,29,10000.0,6640.068153000121,2.0320499988883967,10149.17260600123,255.65116279069767
1764600803,20,,Aggregated,2.200000,1.600000,10000,10000,10000,10000,10000,10000,10000,10000,10000,10000,10000,45,31,10000.0,6792.189506577897,2.0320499988883967,10149.17260600123,261.1333333333333
1764600804,20,,Aggregated,2.200000,1.700000,10000,10000,10000,10000,10000,10000,10000,10000,10000,10000,10000,48,33,10000.0,6787.103208770907,2.0320499988883967,10149.17260600123,261.6666666666667
1764600805,20,,Aggregated,2.000000,1.400000,10000,10000,10000,10000,10000,10000,10000,10000,10000,10000,10000,52,36,10000.0,6845.554646865397,2.0320499988883967,10149.17260600123,264.38461538461536
1764600806,20,,Aggregated,2.200000,1.600000,10000,10000,10000,10000,10000,10000,10000,10000,10000,10000,10000,53,36,10000.0,6716.439175471742,2.0320499988883967,10149.17260600123,260.35849056603774
1764600807,20,,Aggregated,2.100000,1.400000,10000,10000,10000,10000,10000,10000,10000,10000,10000,10000,10000,56,39,10000.0,6895.605509803671,2.0320499988883967,10149.17260600123,266.7142857142857
1764600808,20,,Aggregated,2.100000,1.400000,10000,10000,10000,10000,10000,10000,10000,10000,10000,10000,10000,56,39,10000.0,6895.605509803671,2.0320499988883967,10149.17260600123,266.7142857142857
1764600809,20,,Aggregated,2.400000,1.600000,10000,10000,10000,10000,10000,10000,10000,10000,10000,10000,10000,58,39,10000.0,6657.916511534585,2.0320499988883967,10149.17260600123,259.2758620689655
1764600810,20,,Aggregated,2.600000,1.800000,10000,10000,10000,10000,10000,10000,10000,10000,10000,10000,10000,59,40,10000.0,6715.478570661104,2.0320499988883967,10149.17260600123,261.3050847457627
1764600811,20,,Aggregated,2.200000,1.500000,10000,10000,10000,10000,10000,10000,10000,10000,10000,10000,10000,61,41,10000.0,6660.294100508281,2.0320499988883967,10149.17260600123,259.78688524590166
1764600812,20,,Aggregated,2.200000,1.300000,10000,10000,10000,10000,10000,10000,10000,10000,10000,10000,10000,66,45,10000.0,6765.6328703637155,2.0320499988883967,10149.17260600123,263.8484848484849
1764600813,20,,Aggregated,1.900000,1.300000,10000,10000,10000,10000,10000,10000,11000,13000,13000,13000,13000,71,50,10000.0,6984.395719028248,2.0320499988883967,13320.683844000087,261.98591549295776
1764600814,20,,Aggregated,1.900000,1.300000,10000,10000,10000,10000,10000,10000,11000,13000,13000,13000,13000,73,50,10000.0,6793.10483679459,2.0320499988883967,13320.683844000087,256.2054794520548
1764600815,20,,Aggregated,2.200000,1.500000,10000,10000,10000,10000,10000,10000,11000,13000,13000,13000,13000,76,51,10000.0,6657.428407144808,2.0320499988883967,13320.683844000087,252.42105263157896
1764600816,20,,Aggregated,2.700000,1.800000,10000,10000,10000,10000,10000,10000,11000,13000,13000,13000,13000,79,51,10000.0,6404.706930962086,2.0320499988883967,13320.683844000087,244.77215189873417
1764600817,20,,Aggregated,2.600000,1.700000,10000,10000,10000,10000,10000,10000,11000,13000,13000,13000,13000,83,54,10000.0,6460.003082710924,2.0320499988883967,13320.683844000087,247.289156626506
1764600818,20,,Aggregated,2.500000,1.500000,10000,10000,10000,10000,10000,10000,11000,13000,13000,13000,13000,85,55,10000.0,6465.24600002363,2.0320499988883967,13320.683844000087,250.85882352941175
1764600819,20,,Aggregated,2.600000,1.500000,10000,10000,10000,10000,10000,10000,11000,13000,13000,13000,13000,88,57,10000.0,6473.512550397816,2.0320499988883967,13320.683844000087,251.5
1764600820,20,,Aggregated,2.600000,1.500000,10000,10000,10000,10000,10000,10000,11000,13000,13000,13000,13000,88,57,10000.0,6473.512550397816,2.0320499988883967,13320.683844000087,251.5
1764600821,20,,Aggregated,2.900000,1.600000,10000,10000,10000,10000,10000,10000,11000,13000,13000,13000,13000,90,57,10000.0,6329.7255028556565,2.0320499988883967,13320.683844000087,247.04444444444445
1764600822,20,,Aggregated,3.000000,1.800000,10000,10000,10000,10000,10000,10000,11000,13000,13000,13000,13000,91,58,10000.0,6370.721516681417,2.0320499988883967,13320.683844000087,248.4945054945055
1764600823,20,,Aggregated,2.900000,1.700000,10000,10000,10000,10000,10000,10000,11000,13000,13000,13000,13000,93,60,10000.0,6430.003754139874,2.0320499988883967,13320.683844000087,249.38709677419354
1764600824,20,,Aggregated,2.800000,1.500000,10000,10000,10000,10000,10000,10000,11000,13000,13000,13000,13000,96,63,10000.0,6543.47600001051,2.0320499988883967,13320.683844000087,253.4375
1764600825,20,,Aggregated,2.600000,1.400000,10000,10000,10000,10000,10000,10000,11000,13000,13000,13000,13000,98,65,10000.0,6615.1957562858015,2.0320499988883967,13320.683844000087,256.0
1764600826,20,,Aggregated,2.100000,1.100000,10000,10000,10000,10000,10000,10000,11000,13000,13000,13000,13000,99,66,10000.0,6649.997356697055,2.0320499988883967,13320.683844000087,257.24242424242425
1764600827,20,,Aggregated,2.200000,1.300000,10000,10000,10000,10000,10000,10000,10000,11000,13000,13000,13000,103,67,10000.0,6489.5141809127135,1.9949590005126083,13320.683844000087,252.41747572815535
1764600828,20,,Aggregated,2.100000,1.400000,10000,10000,10000,10000,10000,10000,10000,11000,13000,13000,13000,104,68,10000.0,6523.879741653949,1.9949590005126083,13320.683844000087,253.6346153846154
1764600829,20,,Aggregated,2.200000,1.600000,10000,10000,10000,10000,10000,10000,10000,11000,13000,13000,13000,107,71,10000.0,6623.115892018785,1.9949590005126083,13320.683844000087,257.14953271028037
1764600830,20,,Aggregated,1.900000,1.200000,10000,10000,10000,10000,10000,10000,10000,11000,13000,13000,13000,110,73,10000.0,6625.490428700087,1.9949590005126083,13320.683844000087,257.4909090909091
1764600831,20,,Aggregated,1.900000,1.300000,10000,10000,10000,10000,10000,10000,10000,11000,13000,13000,13000,112,75,10000.0,6687.114873241151,1.9949590005126083,13320.683844000087,259.6607142857143
1764600832,20,,Aggregated,1.900000,1.400000,10000,10000,10000,10000,10000,10000,10000,11000,13000,13000,13000,115,75,10000.0,6512.765574852255,1.9949590005126083,13320.683844000087,254.2173913043478
1764600833,20,,Aggregated,2.300000,1.700000,10000,10000,10000,10000,10000,10000,10000,11000,13000,13000,13000,119,78,10000.0,6464.372417512678,1.9949590005126083,13320.683844000087,252.6638655462185
1764600834,20,,Aggregated,2.300000,1.800000,10000,10000,10000,10000,10000,10000,10000,11000,13000,13000,13000,122,81,10000.0,6553.551150975475,1.9949590005126083,13320.683844000087,255.7704918032787
1764600835,20,,Aggregated,2.300000,1.600000,10000,10000,10000,10000,10000,10000,10000,11000,13000,13000,13000,124,81,10000.0,6447.883124645227,1.944273000844987,13320.683844000087,252.46774193548387
1764600836,20,,Aggregated,2.600000,1.800000,10000,10000,10000,10000,10000,10000,10000,11000,13000,13000,13000,127,83,10000.0,6454.057945441006,1.944273000844987,13320.683844000087,252.8740157480315
1764600837,20,,Aggregated,2.600000,1.800000,10000,10000,10000,10000,10000,10000,10000,11000,13000,13000,13000,128,84,10000.0,6482.243293953185,1.944273000844987,13320.683844000087,253.859375
1764600838,20,,Aggregated,2.600000,1.600000,10000,10000,10000,10000,10000,10000,10000,11000,13000,13000,13000,130,85,10000.0,6445.886492946215,1.944273000844987,13320.683844000087,251.9
1764600839,20,,Aggregated,2.600000,1.600000,10000,10000,10000,10000,10000,10000,10000,11000,13000,13000,13000,132,86,10000.0,6424.509989719749,1.944273000844987,13320.683844000087,251.3409090909091
1764600840,20,,Aggregated,2.600000,1.600000,10000,10000,10000,10000,10000,10000,10000,11000,13000,13000,13000,133,87,10000.0,6451.924788812077,1.944273000844987,13320.683844000087,252.30075187969925
1764600841,20,,Aggregated,2.600000,1.700000,10000,10000,10000,10000,10000,10000,10000,11000,13000,13000,13000,136,89,10000.0,6457.554226036799,1.944273000844987,13320.683844000087,252.68382352941177
1764600842,20,,Aggregated,2.600000,1.600000,10000,10000,10000,10000,10000,10000,10000,11000,13000,13000,13000,140,91,10000.0,6416.789870092903,1.944273000844987,13320.683844000087,251.60714285714286
1764600843,20,,Aggregated,2.200000,1.300000,10000,10000,10000,10000,10000,10000,10000,11000,13000,13000,13000,142,92,10000.0,6397.263591795829,1.944273000844987,13320.683844000087,251.09154929577466
1764600844,20,,Aggregated,2.400000,1.500000,10000,10000,10000,10000,10000,10000,10000,11000,13000,13000,13000,148,95,10000.0,6342.770413790591,1.944273000844987,13320.683844000087,249.6283783783784
1764600845,20,,Aggregated,2.500000,1.600000,10000,10000,10000,10000,10000,10000,10000,11000,13000,13000,13000,151,96,10000.0,6283.40112376163,1.944273000844987,13320.683844000087,247.8543046357616
1764600846,20,,Aggregated,2.200000,1.300000,10000,10000,10000,10000,10000,10000,10000,11000,13000,13000,13000,156,98,10000.0,6211.045387474403,1.944273000844987,13320.683844000087,245.75
1764600847,20,,Aggregated,2.700000,1.400000,10000,10000,10000,10000,10000,10000,10000,11000,13000,13000,13000,160,100,10000.0,6181.505686431303,1.944273000844987,13320.683844000087,244.98125
1764600848,20,,Aggregated,2.700000,1.500000,10000,10000,10000,10000,10000,10000,10000,11000,13000,13000,13000,161,100,10000.0,6143.131753826146,1.944273000844987,13320.683844000087,243.77639751552795
1764600849,20,,Aggregated,3.000000,1.500000,10000,10000,10000,10000,10000,10000,10000,11000,13000,13000,13000,165,102,10000.0,6116.189736872796,1.944273000844987,13320.683844000087,243.0787878787879
1764600850,20,,Aggregated,3.200000,1.600000,10000,10000,10000,10000,10000,10000,10000,11000,13000,13000,13000,167,104,10000.0,6163.73643317373,1.944273000844987,13320.683844000087,244.70658682634732
1764600851,20,,Aggregated,3.100000,1.500000,10000,10000,10000,10000,10000,10000,10000,11000,13000,13000,13000,168,104,10000.0,6127.061710779837,1.944273000844987,13320.683844000087,243.55357142857142
1764600852,20,,Aggregated,3.300000,1.600000,10000,10000,10000,10000,10000,10000,10000,11000,13000,13000,13000,169,105,10000.0,6150.343348420189,1.944273000844987,13320.683844000087,244.3550295857988
1764600853,20,,Aggregated,3.400000,1.700000,10000,10000,10000,10000,10000,10000,10000,11000,13000,13000,13000,172,105,10000.0,6121.716952883791,1.944273000844987,13320.683844000087,247.40116279069767
1764600854,20,,Aggregated,3.100000,1.400000,10000,10000,10000,10000,10000,10000,10000,11000,13000,13000,13000,175,107,10000.0,6132.122191542914,1.944273000844987,13320.683844000087,247.78285714285715
1764600855,20,,Aggregated,2.900000,1.400000,10000,10000,10000,10000,10000,10000,10000,11000,13000,13000,13000,177,108,10000.0,6119.703901113044,1.944273000844987,13320.683844000087,247.41242937853107
1764600856,20,,Aggregated,3.000000,1.300000,10000,10000,10000,10000,10000,10000,10000,11000,13000,13000,13000,179,110,10000.0,6163.779699743062,1.944273000844987,13320.683844000087,248.88268156424581
1764600857,20,,Aggregated,3.000000,1.300000,10000,10000,10000,10000,10000,10000,10000,11000,13000,13000,13000,179,110,10000.0,6163.779699743062,1.944273000844987,13320.683844000087,248.88268156424581
1764600858,20,,Aggregated,2.600000,1.200000,10000,10000,10000,10000,10000,10000,10000,11000,13000,13000,13000,188,115,10000.0,6200.494619462806,1.944273000844987,13320.683844000087,252.11170212765958
1764600859,20,,Aggregated,2.600000,1.200000,10000,10000,10000,10000,10000,10000,10000,11000,13000,13000,13000,188,115,10000.0,6200.494619462806,1.944273000844987,13320.683844000087,252.11170212765958
1764600860,20,,Aggregated,1.900000,1.000000,10000,10000,10000,10000,10000,10000,10000,11000,13000,13000,13000,193,115,10000.0,6039.934363134767,1.944273000844987,13320.683844000087,246.9015544041451
1764600861,20,,Aggregated,2.700000,1.500000,10000,10000,10000,10000,10000,10000,10000,11000,13000,13000,13000,195,117,10000.0,6081.267135364163,1.944273000844987,13320.683844000087,248.25641025641025
1764600862,20,,Aggregated,2.200000,1.200000,10000,10000,10000,10000,10000,10000,10000,11000,13000,13000,13000,198,120,10000.0,6141.577140116216,1.944273000844987,13320.683844000087,250.23737373737373
1764600863,20,,Aggregated,2.600000,1.100000,10000,10000,10000,10000,10000,10000,10000,11000,13000,13000,13000,199,121,10000.0,6136.439871522668,1.944273000844987,13320.683844000087,249.99497487437185
1764600864,20,,Aggregated,2.700000,1.300000,10000,10000,10000,10000,10000,10000,10000,11000,13000,13000,13000,200,122,10000.0,6156.047858655056,1.944273000844987,13320.683844000087,250.64
1764600865,20,,Aggregated,2.900000,1.500000,10000,10000,10000,10000,10000,10000,10000,11000,13000,13000,13000,201,122,10000.0,6125.441456597065,1.944273000844987,13320.683844000087,249.64676616915423
1764600866,20,,Aggregated,2.700000,1.600000,10000,10000,10000,10000,10000,10000,10000,11000,13000,13000,13000,204,125,10000.0,6183.388652323574,1.944273000844987,13320.683844000087,251.54901960784315
1764600867,20,,Aggregated,2.700000,1.600000,10000,10000,10000,10000,10000,10000,10000,11000,13000,13000,13000,204,125,10000.0,6183.388652323574,1.944273000844987,13320.683844000087,251.54901960784315
1764600868,20,,Aggregated,2.700000,1.600000,10000,10000,10000,10000,10000,10000,10000,11000,13000,13000,13000,204,125,10000.0,6183.388652323574,1.944273000844987,13320.683844000087,251.54901960784315
1764600869,20,,Aggregated,2.500000,1.500000,10000,10000,10000,10000,10000,10000,10000,11000,13000,13000,13000,206,127,10000.0,6221.186642165086,1.944273000844987,13320.683844000087,252.7864077669903
1764600871,20,,Aggregated,2.500000,1.500000,10000,10000,10000,10000,10000,10000,10000,11000,13000,13000,13000,208,129,10000.0,6258.1101753461835,1.944273000844987,13320.683844000087,254.0
1764600872,20,,Aggregated,1.600000,1.000000,10000,10000,10000,10000,10000,10000,10000,11000,13000,13000,13000,209,130,10000.0,6276.353339794289,1.944273000844987,13320.683844000087,254.5980861244019
1764600873,20,,Aggregated,1.800000,1.200000,10000,10000,10000,10000,10000,10000,10000,11000,13000,13000,13000,213,134,10000.0,6347.44705294369,1.944273000844987,13320.683844000087,256.9342723004695
1764600874,20,,Aggregated,1.500000,1.400000,10000,10000,10000,10000,10000,10000,10000,11000,13000,13000,13000,218,138,10000.0,6347.32034455965,1.944273000844987,13320.683844000087,255.78899082568807
1764600875,20,,Aggregated,1.400000,1.300000,10000,10000,10000,10000,10000,10000,10000,11000,13000,13000,13000,222,141,10000.0,6369.2357588829045,1.944273000844987,13320.683844000087,256.5315315315315
1764600876,20,,Aggregated,1.500000,1.400000,10000,10000,10000,10000,10000,10000,10000,11000,13000,13000,13000,224,142,10000.0,6357.301251866089,1.944273000844987,13320.683844000087,256.1607142857143
1764600877,20,,Aggregated,1.900000,1.700000,10000,10000,10000,10000,10000,10000,10000,11000,13000,13000,13000,227,142,10000.0,6273.314860215877,1.944273000844987,13320.683844000087,253.44933920704847
1764600878,20,,Aggregated,2.200000,1.900000,10000,10000,10000,10000,10000,10000,10000,11000,13000,13000,13000,228,143,10000.0,6289.927897706156,1.944273000844987,13320.683844000087,254.0
1764600879,20,,Aggregated,2.300000,2.000000,10000,10000,10000,10000,10000,10000,10000,11000,13000,13000,13000,230,144,10000.0,6305.924082434798,1.944273000844987,13320.683844000087,255.2608695652174
1764600880,20,,Aggregated,2.300000,1.700000,10000,10000,10000,10000,10000,10000,10000,11000,13000,13000,13000,232,145,10000.0,6294.967241482778,1.944273000844987,13320.683844000087,254.91379310344828
1764600881,20,,Aggregated,2.400000,1.800000,10000,10000,10000,10000,10000,10000,10000,11000,13000,13000,13000,233,146,10000.0,6311.192198991442,1.944273000844987,13320.683844000087,255.44635193133047
1764600882,20,,Aggregated,2.400000,1.800000,10000,10000,10000,10000,10000,10000,10000,11000,13000,13000,13000,233,146,10000.0,6311.192198991442,1.944273000844987,13320.683844000087,255.44635193133047
1764600883,20,,Aggregated,2.600000,1.800000,10000,10000,10000,10000,10000,10000,10000,11000,13000,13000,13000,235,148,10000.0,6343.139562336185,1.944273000844987,13320.683844000087,256.49787234042554
1764600884,20,,Aggregated,2.500000,1.700000,10000,10000,10000,10000,10000,10000,10000,11000,13000,13000,13000,237,149,10000.0,6329.622286253182,1.944273000844987,13320.683844000087,256.9535864978903
1764600885,20,,Aggregated,2.400000,1.600000,10000,10000,10000,10000,10000,10000,10000,11000,13000,13000,13000,243,154,10000.0,6380.512448584383,1.944273000844987,13320.683844000087,258.61728395061726
1764600886,20,,Aggregated,2.400000,1.600000,10000,10000,10000,10000,10000,10000,10000,11000,13000,13000,13000,243,154,10000.0,6380.512448584383,1.944273000844987,13320.683844000087,258.61728395061726
1764600887,20,,Aggregated,1.900000,1.100000,10000,10000,10000,10000,10000,10000,10000,11000,13000,13000,13000,249,158,10000.0,6388.806923317282,1.944273000844987,13320.683844000087,258.8835341365462
1764600888,20,,Aggregated,1.900000,1.100000,10000,10000,10000,10000,10000,10000,10000,11000,13000,13000,13000,249,158,10000.0,6388.806923317282,1.944273000844987,13320.683844000087,258.8835341365462
1764600889,20,,Aggregated,2.200000,1.600000,10000,10000,10000,10000,10000,10000,10000,11000,13000,13000,13000,251,160,10000.0,6417.999485131488,1.944273000844987,13320.683844000087,259.8406374501992
1764600890,20,,Aggregated,2.200000,1.600000,10000,10000,10000,10000,10000,10000,10000,11000,13000,13000,13000,253,161,10000.0,6407.0277518142375,1.944273000844987,13320.683844000087,259.4861660079051
1764600891,20,,Aggregated,2.100000,1.500000,10000,10000,10000,10000,10000,10000,10000,11000,13000,13000,13000,254,162,10000.0,6421.438688527561,1.944273000844987,13320.683844000087,259.95669291338584
1764600892,20,,Aggregated,2.000000,1.500000,10000,10000,10000,10000,10000,10000,10000,11000,13000,13000,13000,255,162,10000.0,6396.2655368548985,1.944273000844987,13320.683844000087,259.1372549019608
1764600893,20,,Aggregated,2.000000,1.500000,10000,10000,10000,10000,10000,10000,10000,11000,13000,13000,13000,255,162,10000.0,6396.2655368548985,1.944273000844987,13320.683844000087,259.1372549019608
1764600894,20,,Aggregated,2.200000,1.600000,10000,10000,10000,10000,10000,10000,10000,13000,13000,13000,13000,260,166,10000.0,6453.490794507697,1.944273000844987,13338.531108998723,258.13461538461536
1764600895,20,,Aggregated,2.200000,1.600000,10000,10000,10000,10000,10000,10000,10000,13000,13000,13000,13000,261,167,10000.0,6467.370830482762,1.944273000844987,13338.531108998723,258.5977011494253
1764600896,20,,Aggregated,2.000000,1.400000,10000,10000,10000,10000,10000,10000,10000,13000,13000,13000,13000,262,168,10000.0,6481.072755007633,1.944273000844987,13338.531108998723,259.05725190839695
1764600897,20,,Aggregated,2.200000,1.600000,10000,10000,10000,10000,10000,10000,10000,13000,13000,13000,13000,265,170,10000.0,6483.66981914718,1.944273000844987,13338.531108998723,259.17735849056606
1764600898,20,,Aggregated,1.800000,1.300000,10000,10000,10000,10000,10000,10000,10000,13000,13000,13000,13000,270,173,10000.0,6475.396202251859,1.944273000844987,13338.531108998723,258.96666666666664
1764600899,20,,Aggregated,1.900000,1.400000,10000,10000,10000,10000,10000,10000,10000,13000,13000,13000,13000,273,176,10000.0,6514.838776219788,1.944273000844987,13338.531108998723,260.2857142857143
1764600900,20,,Aggregated,1.600000,1.200000,10000,10000,10000,10000,10000,10000,10000,13000,13000,13000,13000,277,177,10000.0,6457.163973097483,1.944273000844987,13338.531108998723,258.4476534296029
1764600901,20,,Aggregated,2.100000,1.500000,10000,10000,10000,10000,10000,10000,10000,13000,13000,13000,13000,279,179,10000.0,6482.987161695355,1.944273000844987,13338.531108998723,259.31182795698925
1764600902,20,,Aggregated,2.400000,1.600000,10000,10000,10000,10000,10000,10000,10000,13000,13000,13000,13000,282,180,10000.0,6449.706741787254,1.944273000844987,13338.531108998723,258.2588652482269
1764600903,20,,Aggregated,2.400000,1.600000,10000,10000,10000,10000,10000,10000,10000,13000,13000,13000,13000,282,180,10000.0,6449.706741787254,1.944273000844987,13338.531108998723,258.2588652482269
1764600904,20,,Aggregated,2.500000,1.700000,10000,10000,10000,10000,10000,10000,10000,13000,13000,13000,13000,284,181,10000.0,6468.883098253542,1.944273000844987,13338.531108998723,259.25
1764600905,20,,Aggregated,2.600000,1.800000,10000,10000,10000,10000,10000,10000,10000,13000,13000,13000,13000,285,182,10000.0,6481.547873224584,1.944273000844987,13338.531108998723,259.6701754385965
1764600906,20,,Aggregated,2.700000,1.800000,10000,10000,10000,10000,10000,10000,10000,13000,13000,13000,13000,288,184,10000.0,6483.890871944467,1.944273000844987,13338.531108998723,259.77430555555554
1764600907,20,,Aggregated,2.500000,1.600000,10000,10000,10000,10000,10000,10000,10000,13000,13000,13000,13000,289,185,10000.0,6496.275116186875,1.944273000844987,13338.531108998723,260.1868512110727
1764600908,20,,Aggregated,2.400000,1.500000,10000,10000,10000,10000,10000,10000,10000,13000,13000,13000,13000,290,185,10000.0,6473.881973586226,1.944273000844987,13338.531108998723,259.4655172413793
1764600909,20,,Aggregated,2.400000,1.500000,10000,10000,10000,10000,10000,10000,10000,13000,13000,13000,13000,291,186,10000.0,6486.202289532665,1.944273000844987,13338.531108998723,259.87628865979383
1764600910,20,,Aggregated,2.000000,1.200000,10000,10000,10000,10000,10000,10000,10000,13000,13000,13000,13000,297,192,10000.0,6558.359608235709,1.944273000844987,13338.531108998723,262.2828282828283
1764600911,20,,Aggregated,1.700000,0.900000,10000,10000,10000,10000,10000,10000,10000,13000,13000,13000,13000,298,193,10000.0,6570.119733221499,1.944273000844987,13338.531108998723,262.6744966442953
1764600912,20,,Aggregated,1.900000,1.400000,10000,10000,10000,10000,10000,10000,10000,11000,13000,13000,13000,302,196,10000.0,6583.066305023211,1.944273000844987,13338.531108998723,263.1291390728477
1764600913,20,,Aggregated,1.900000,1.400000,10000,10000,10000,10000,10000,10000,10000,11000,13000,13000,13000,303,196,10000.0,6561.349514534684,1.944273000844987,13338.531108998723,262.42904290429044
1764600914,20,,Aggregated,2.000000,1.500000,10000,10000,10000,10000,10000,10000,10000,11000,13000,13000,13000,307,198,10000.0,6541.801223970706,1.944273000844987,13338.531108998723,263.0097719869707
1764600915,20,,Aggregated,2.100000,1.600000,10000,10000,10000,10000,10000,10000,10000,11000,13000,13000,13000,310,199,10000.0,6510.975658938731,1.944273000844987,13338.531108998723,262.01612903225805
1764600916,20,,Aggregated,2.100000,1.600000,10000,10000,10000,10000,10000,10000,10000,11000,13000,13000,13000,310,199,10000.0,6510.975658938731,1.944273000844987,13338.531108998723,262.01612903225805
1764600917,20,,Aggregated,2.300000,1.600000,10000,10000,10000,10000,10000,10000,10000,11000,13000,13000,13000,312,201,10000.0,6533.713489926302,1.944273000844987,13338.531108998723,262.76602564102564
1764600918,20,,Aggregated,2.200000,1.500000,10000,10000,10000,10000,10000,10000,10000,11000,13000,13000,13000,314,203,10000.0,6556.144375194287,1.944273000844987,13338.531108998723,263.5063694267516
1764600919,20,,Aggregated,2.200000,1.500000,10000,10000,10000,10000,10000,10000,10000,11000,13000,13000,13000,316,204,10000.0,6572.68161324369,1.944273000844987,13338.531108998723,264.36392405063293
1764600920,20,,Aggregated,2.200000,1.500000,10000,10000,10000,10000,10000,10000,10000,11000,13000,13000,13000,316,204,10000.0,6572.68161324369,1.944273000844987,13338.531108998723,264.36392405063293
1764600921,20,,Aggregated,2.600000,1.900000,10000,10000,10000,10000,10000,10000,10000,11000,13000,13000,13000,319,207,10000.0,6605.481607871494,1.944273000844987,13338.531108998723,265.44200626959247
1764600922,20,,Aggregated,2.600000,1.900000,10000,10000,10000,10000,10000,10000,10000,11000,13000,13000,13000,320,208,10000.0,6616.284734425021,1.944273000844987,13338.531108998723,265.796875
1764600923,20,,Aggregated,2.000000,1.300000,10000,10000,10000,10000,10000,10000,10000,11000,13000,13000,13000,321,209,10000.0,6627.007469859832,1.944273000844987,13338.531108998723,266.14953271028037
1764600924,20,,Aggregated,1.900000,1.300000,10000,10000,10000,10000,10000,10000,10000,11000,13000,13000,13000,324,211,10000.0,6627.798831629643,1.944273000844987,13338.531108998723,266.1820987654321
1764600925,20,,Aggregated,1.900000,1.300000,10000,10000,10000,10000,10000,10000,10000,11000,13000,13000,13000,326,213,10000.0,6648.857440723946,1.944273000844987,13338.531108998723,266.87423312883436
1764600926,20,,Aggregated,1.800000,1.300000,10000,10000,10000,10000,10000,10000,10000,11000,13000,13000,13000,329,215,10000.0,6649.389534525859,1.944273000844987,13338.531108998723,266.8996960486322
1764600927,20,,Aggregated,1.800000,1.500000,10000,10000,10000,10000,10000,10000,10000,11000,13000,13000,13000,331,217,10000.0,6670.029598776457,1.944273000844987,13338.531108998723,267.57703927492446
1764600928,20,,Aggregated,1.900000,1.600000,10000,10000,10000,10000,10000,10000,10000,11000,13000,13000,13000,332,218,10000.0,6680.225161225925,1.944273000844987,13338.531108998723,267.91265060240966
1764600929,20,,Aggregated,1.900000,1.600000,10000,10000,10000,10000,10000,10000,10000,11000,13000,13000,13000,335,220,10000.0,6680.920143573153,1.944273000844987,13338.531108998723,269.0268656716418
1764600930,20,,Aggregated,1.800000,1.500000,10000,10000,10000,10000,10000,10000,10000,11000,13000,13000,13000,336,221,10000.0,6690.98748452383,1.944273000844987,13338.531108998723,269.3541666666667
1764600931,20,,Aggregated,1.900000,1.600000,10000,10000,10000,10000,10000,10000,10000,11000,13000,13000,13000,338,223,10000.0,6710.932113630199,1.944273000844987,13338.531108998723,270.00295857988164
1764600932,20,,Aggregated,1.900000,1.600000,10000,10000,10000,10000,10000,10000,10000,11000,13000,13000,13000,340,225,10000.0,6730.6380865353185,1.944273000844987,13338.531108998723,270.6441176470588
1764600933,20,,Aggregated,1.800000,1.500000,10000,10000,10000,10000,10000,10000,10000,11000,13000,13000,13000,341,225,10000.0,6710.907737929641,1.944273000844987,13338.531108998723,270.0
1764600934,20,,Aggregated,1.900000,1.600000,10000,10000,10000,10000,10000,10000,10000,11000,13000,13000,13000,347,227,10000.0,6662.2965591873435,1.944273000844987,13338.531108998723,268.65129682997116
1764600935,20,,Aggregated,1.900000,1.600000,10000,10000,10000,10000,10000,10000,10000,11000,13000,13000,13000,348,227,10000.0,6643.157886704046,1.944273000844987,13338.531108998723,268.0258620689655
1764600936,20,,Aggregated,2.300000,1.600000,10000,10000,10000,10000,10000,10000,10000,11000,13000,13000,13000,352,229,10000.0,6624.872170417631,1.944273000844987,13338.531108998723,267.42329545454544
1764600937,20,,Aggregated,2.200000,1.400000,10000,10000,10000,10000,10000,10000,10000,11000,13000,13000,13000,356,232,10000.0,6635.243255497207,1.944273000844987,13338.531108998723,267.7556179775281
1764600938,20,,Aggregated,2.100000,1.300000,10000,10000,10000,10000,10000,10000,10000,11000,13000,13000,13000,360,234,10000.0,6617.412480511124,1.944273000844987,13338.531108998723,267.1694444444444
1764600939,20,,Aggregated,2.100000,1.300000,10000,10000,10000,10000,10000,10000,10000,11000,13000,13000,13000,365,236,10000.0,6591.030410986322,1.944273000844987,13338.531108998723,268.0219178082192
1764600940,20,,Aggregated,2.700000,1.700000,10000,10000,10000,10000,10000,10000,10000,11000,13000,13000,13000,366,237,10000.0,6600.5119894972895,1.944273000844987,13338.531108998723,268.3251366120219
1764600941,20,,Aggregated,3.000000,1.600000,10000,10000,10000,10000,10000,10000,10000,11000,13000,13000,13000,369,239,10000.0,6601.372500105712,1.944273000844987,13338.531108998723,268.3360433604336
1764600942,20,,Aggregated,3.000000,1.600000,10000,10000,10000,10000,10000,10000,10000,11000,13000,13000,13000,369,239,10000.0,6601.372500105712,1.944273000844987,13338.531108998723,268.3360433604336
1764600943,20,,Aggregated,3.200000,1.800000,10000,10000,10000,10000,10000,10000,10000,11000,13000,13000,13000,373,240,10000.0,6569.744071388759,1.944273000844987,13338.531108998723,269.84450402144773
1764600944,20,,Aggregated,3.200000,1.800000,10000,10000,10000,10000,10000,10000,10000,11000,13000,13000,13000,373,240,10000.0,6569.744071388759,1.944273000844987,13338.531108998723,269.84450402144773
1764600945,20,,Aggregated,3.000000,1.500000,10000,10000,10000,10000,10000,10000,10000,11000,13000,13000,13000,375,240,10000.0,6534.718290200021,1.944273000844987,13338.531108998723,268.6773333333333
1764600946,20,,Aggregated,2.700000,1.300000,10000,10000,10000,10000,10000,10000,10000,11000,13000,13000,13000,378,243,10000.0,6562.74281045505,1.944273000844987,13338.531108998723,269.5529100529101
